{
  "Configs": [
    {
      "Id": "826e7913020a46368a05d0195121f9a0",
      "server": "www.google.com",
      "Server_Port": 1,
      "Server_Udp_Port": 0,
      "Password": "breakwall",
      "Method": "chacha20",
      "Protocol": "auth_chain_a",
      "ProtocolParam": "",
      "obfs": "tls1.2_ticket_auth",
      "ObfsParam": "",
      "Remarks_Base64": "",
      "Group": "\u68AF\u4E91\u68AF",
      "SubTag": "\u68AF\u4E91\u68AF",
      "Enable": true,
      "UdpOverTcp": false
    }
  ],
  "Index": 0,
  "Random": false,
  "SysProxyMode": 3,
  "ShareOverLan": false,
  "LocalPort": 1080,
  "ReconnectTimes": 2,
  "BalanceType": 4,
  "RandomInGroup": true,
  "Ttl": 60,
  "ConnectTimeout": 5,
  "ProxyRuleMode": 0,
  "ProxyEnable": false,
  "PacDirectGoProxy": false,
  "ProxyType": 0,
  "ProxyHost": "",
  "ProxyPort": 1,
  "ProxyAuthUser": "",
  "ProxyAuthPass": "",
  "ProxyUserAgent": "",
  "AuthUser": "",
  "AuthPass": "",
  "AutoBan": false,
  "CheckSwitchAutoCloseAll": true,
  "LogEnable": true,
  "SameHostForSameTarget": true,
  "IsPreRelease": false,
  "AutoCheckUpdate": true,
  "LangName": "",
  "DnsClients": [
    {
      "Enable": true,
      "DnsType": 1,
      "Ipv6First": false,
      "DnsServer": "1.1.1.1",
      "Port": 853,
      "Timeout": 10000,
      "IsEDnsEnabled": false,
      "EcsIp": "8.8.8.8",
      "EcsSourceNetmask": 32,
      "EcsScopeNetmask": 0,
      "IsTcpEnabled": true,
      "IsUdpEnabled": true
    },
    {
      "Enable": true,
      "DnsType": 0,
      "Ipv6First": false,
      "DnsServer": "1.1.1.1",
      "Port": 53,
      "Timeout": 10000,
      "IsEDnsEnabled": false,
      "EcsIp": "8.8.8.8",
      "EcsSourceNetmask": 32,
      "EcsScopeNetmask": 0,
      "IsTcpEnabled": true,
      "IsUdpEnabled": true
    },
    {
      "Enable": true,
      "DnsType": 1,
      "Ipv6First": false,
      "DnsServer": "dns.google",
      "Port": 853,
      "Timeout": 10000,
      "IsEDnsEnabled": false,
      "EcsIp": "8.8.8.8",
      "EcsSourceNetmask": 32,
      "EcsScopeNetmask": 0,
      "IsTcpEnabled": true,
      "IsUdpEnabled": true
    },
    {
      "Enable": true,
      "DnsType": 0,
      "Ipv6First": false,
      "DnsServer": "8.8.8.8",
      "Port": 53,
      "Timeout": 10000,
      "IsEDnsEnabled": false,
      "EcsIp": "8.8.8.8",
      "EcsSourceNetmask": 32,
      "EcsScopeNetmask": 0,
      "IsTcpEnabled": true,
      "IsUdpEnabled": true
    }
  ],
  "ServerSubscribes": [
    {
      "Url": "https://tyunti.xyz/link/xxxxxxxxxxxx",
      "Tag": "\u68AF\u4E91\u68AF",
      "LastUpdateTime": 1588262963,
      "AutoCheckUpdate": true,
      "ProxyType": 1
    }
  ],
  "PortMap": {}
}